cycle,spending_bn,type,note
2006,0.038,midterm,OpenSecrets via The Conversation (2020)
2008,0.144,presidential,OpenSecrets via The Conversation (2020)
2010,0.206,midterm,OpenSecrets via The Conversation (2020); Citizens United decided January 2010
2012,1.00,presidential,OpenSecrets via The Conversation (2020)
2014,0.549,midterm,OpenSecrets via The Conversation (2020)
2016,1.40,presidential,OpenSecrets via The Conversation (2020)
2018,1.32,midterm,OpenSecrets as reported in 2022 coverage of the midterm record
2020,2.70,presidential,OpenSecrets: outside spending excluding party committees
2022,1.90,midterm,OpenSecrets: through end of October 2022
2024,4.46,presidential,OpenSecrets as of 16 November 2024 (partial cycle)
